{"initial_reset_timestamp": 3439.9074328, "timestamps": [3441.9052054], "episode_lengths": [82], "episode_rewards": [-757.7894473831273], "episode_types": ["t"]}