{"initial_reset_timestamp": 35.6122991, "timestamps": [56.0123484, 63.3961713, 67.1787194, 83.8608819, 87.5108771, 90.5780866, 94.427778, 97.3449443, 105.7953853, 109.7452836, 114.043903, 120.4597467, 125.9446498, 129.7774302, 134.9129042, 138.2113165, 143.2107878, 147.0939048, 150.6095108, 153.8093761, 158.0924616, 162.4599131, 166.2415509, 170.8667631, 175.0589218, 180.1105539, 184.2746203, 191.3423481, 194.6099571, 211.4571679, 215.0739063, 219.0566497, 223.0223819, 227.0725969, 230.0892837, 233.1390132, 237.1390427, 241.1222901, 245.855348, 249.0887344, 265.7553169, 269.8550502, 272.9879929, 276.3564809, 279.3560307, 284.7044525, 288.504265, 291.4874629, 295.3575152, 299.7207722, 304.2043621, 307.5703944, 312.2037898, 315.4277234, 319.4212387, 323.2364893, 327.3869821, 344.0865211, 348.3198511, 353.5526705, 357.7523919, 360.9200241, 364.0692899, 368.8188337, 376.1024654, 380.0863648, 383.4866912, 387.0019574, 390.9183144, 394.5858345, 398.635322, 402.9027281, 406.2354792, 409.8845875, 415.4193458, 420.8184126, 424.0188874, 427.8844277, 431.5506101, 435.9173271, 440.1675251, 443.6173662, 447.0501758, 450.7338844, 454.285557, 459.3837033, 463.1677923, 466.9000609, 471.2334399, 475.266422, 478.5497078, 481.9829524, 485.2335998, 488.7828611, 491.7499536, 495.3327105, 498.2659713, 502.9490584, 506.3327202, 510.3823099], "episode_lengths": [248, 216, 224, 1000, 219, 184, 231, 175, 251, 234, 258, 380, 329, 230, 308, 197, 300, 227, 211, 192, 256, 262, 227, 275, 236, 235, 247, 203, 192, 1000, 217, 239, 238, 243, 181, 183, 240, 239, 284, 194, 1000, 246, 188, 202, 180, 321, 228, 179, 232, 219, 269, 202, 278, 193, 239, 229, 249, 1000, 254, 314, 252, 190, 189, 285, 215, 235, 201, 211, 235, 220, 243, 256, 200, 219, 332, 324, 192, 232, 220, 262, 255, 207, 206, 221, 213, 306, 227, 224, 258, 242, 197, 206, 195, 213, 178, 215, 176, 281, 203, 243], "episode_rewards": [279.02556487602203, 290.82958666189603, 261.4739956314524, 150.25269621645344, 279.67851044669624, 248.5839869873378, 273.5930298895761, 268.3847993075946, 249.8258475006441, 284.693417284305, 297.5866419141744, 260.218396180103, 260.2574599395034, 280.48604921461015, 267.6686489344096, 269.5560920889718, 287.1017426485289, 302.8211062604074, 253.99393614160186, 246.02794275585407, 302.7765091302448, 279.34579966227665, 287.25712960008246, 249.88370366266633, 295.53977551531875, 301.11254950914247, 275.2159054442674, 277.9970024750794, 248.01835924230517, 140.81159206916644, 277.1173800910234, 269.48572405133507, 276.10162907808893, 299.9060181472996, 243.15692143127163, 239.50194052178435, 260.94230836082033, 267.584981627445, 271.20448676564524, 245.43435837726184, 120.58076414013782, 254.53062252468914, 266.672658575018, 252.07914264603977, 269.5345227138861, 268.62709062036276, 294.6240760014647, 268.4112709006014, 279.3932376056881, 287.639904768225, 283.91877949209584, 292.0396191361677, 277.1026007521243, 279.45520038632276, 269.99366010772064, 301.7007423158768, 291.88499166574155, 171.56118850243143, 253.03045910261187, 276.09676834680795, 256.5359865150783, 244.03852526809138, 244.8054418026715, 279.89022611641946, 286.89209134575435, 296.7011825576417, 256.17034325718566, 250.89797269903104, 262.40895582578844, 242.33453855046253, 269.02732919849626, 265.2293786066699, 280.8852280664367, 277.65434127502647, 308.8848927735397, 275.302952148736, 254.15879186844828, 301.04398849824577, 280.6819365986911, 313.3114910869024, 291.6863226495028, 304.3694653323968, 251.2792858815957, 277.6559549557746, 286.3102121693084, 275.78419915340066, 267.5023938090502, 295.75970721188463, 255.16898486953536, 306.7441814829686, 252.09381805431, 259.15360351270795, 248.55654741866906, 251.37897980611606, 264.2415796141966, 274.76619470151195, 247.17057672509875, 283.71701585124566, 272.4151217579263, 282.06110310480153], "episode_types": ["t", "t", "t", "t", "t", "t", "t", "t", "t", "t", "t", "t", "t", "t", "t", "t", "t", "t", "t", "t", "t", "t", "t", "t", "t", "t", "t", "t", "t", "t", "t", "t", "t", "t", "t", "t", "t", "t", "t", "t", "t", "t", "t", "t", "t", "t", "t", "t", "t", "t", "t", "t", "t", "t", "t", "t", "t", "t", "t", "t", "t", "t", "t", "t", "t", "t", "t", "t", "t", "t", "t", "t", "t", "t", "t", "t", "t", "t", "t", "t", "t", "t", "t", "t", "t", "t", "t", "t", "t", "t", "t", "t", "t", "t", "t", "t", "t", "t", "t", "t"]}