{"initial_reset_timestamp": 3433.4519083, "timestamps": [3437.8055732], "episode_lengths": [62], "episode_rewards": [-88.40979151283904], "episode_types": ["t"]}