{"initial_reset_timestamp": 3445.6156727, "timestamps": [3446.8888266], "episode_lengths": [56], "episode_rewards": [-472.0052857616918], "episode_types": ["t"]}