{"initial_reset_timestamp": 956.4039857, "timestamps": [982.6795054, 990.5802866, 995.0631387, 996.6130959, 1001.9458471, 1008.2461902, 1013.9289414, 1017.578671, 1031.5348783, 1035.9942165, 1041.1278805, 1047.2624517, 1049.7113384, 1060.094925, 1064.4443469, 1068.1962812, 1074.6639426, 1081.6768683, 1086.4935996, 1090.1930139, 1097.769143, 1104.0923585, 1113.1427488, 1116.6596757, 1120.8931469, 1122.3757377, 1129.6419003, 1141.4006743, 1144.296562, 1151.7920461, 1157.8469697, 1161.808751, 1178.5253065, 1183.8403308, 1190.923952, 1195.0743954, 1208.5240234, 1212.6961037, 1219.5931348, 1224.038894, 1234.5403854, 1236.0069524, 1243.5790975, 1247.3565161, 1255.242552, 1259.0564431, 1262.8277208, 1267.2059781, 1270.9772302, 1274.8733756, 1288.5065764, 1297.655008, 1308.6773522, 1312.6720141, 1316.4812492, 1321.4555407, 1326.7250806, 1333.1878342, 1342.9903544, 1349.3567198, 1364.8216762, 1366.2532941, 1369.8025778, 1375.0020654, 1383.0359122, 1385.4862462, 1390.6693936, 1395.3363631, 1406.7690538, 1408.3851306, 1413.5361376, 1418.5033174, 1420.8682961, 1425.7521109, 1433.1175666, 1436.9844827, 1440.0014233, 1447.2514502, 1458.0173171, 1462.1001621, 1466.6841921, 1468.0517756, 1479.4528046, 1482.9332357, 1486.4826521, 1502.066466, 1511.849834, 1513.3328597, 1522.1328442, 1538.8005601, 1544.6147962, 1554.3157484, 1558.2993962, 1574.9643259, 1585.4990348, 1590.7311576, 1595.5972415, 1600.1466441, 1605.7471362, 1610.0636066], "episode_lengths": [561, 232, 266, 93, 314, 377, 341, 219, 403, 264, 307, 368, 147, 623, 261, 224, 388, 421, 289, 222, 412, 365, 543, 211, 253, 86, 436, 331, 155, 447, 362, 238, 1000, 319, 425, 249, 807, 250, 414, 267, 628, 88, 452, 225, 473, 226, 225, 263, 219, 234, 816, 549, 658, 238, 227, 282, 313, 386, 585, 382, 926, 86, 213, 312, 237, 144, 311, 280, 683, 97, 309, 298, 142, 293, 442, 232, 181, 435, 646, 245, 275, 82, 681, 207, 213, 935, 587, 89, 528, 1000, 347, 582, 239, 1000, 632, 314, 292, 273, 334, 259], "episode_rewards": [256.3161931114556, 243.3508935965778, 258.9418408584911, -107.00055431909476, 283.2487106026026, 264.93625475762656, 245.28957965521184, 261.6365400649977, 206.1274030840417, 238.70103299356745, 271.44464656789876, 258.5926902419279, 247.8684867077533, 126.5296867978877, 226.80140557404528, 248.45373222579678, 233.94841972624897, 241.47060037116157, 236.26677760773345, 261.83388367580596, 258.3549944807397, 267.7311189498235, 219.10435302635, 269.6357155222132, 239.99088072452267, -43.82899238344516, 247.51330801160304, 242.46295821108066, -17.248841230431168, 237.62108839313746, 233.66249589783845, 241.62377592864726, 120.84035693014428, 261.060872332338, 235.73586026721526, 232.62769860896103, 206.05520652367272, 249.44164989900796, 212.86411946141317, 232.3269290802006, 143.81567914603787, -20.222820026779004, 238.9358218678502, 270.93591694682823, 239.697526176782, 247.30937094190168, 234.2937585555788, 263.95349800146096, 249.56821517425087, 269.8090683949994, 215.6254995216338, 212.78352716551862, 176.04705410651985, 228.73418156744128, 229.76552549844618, 232.3909032110607, 238.24998249959538, 232.83988096207014, 234.72154435903894, 243.09483271892236, 146.18940598371205, -82.23046224861436, 272.74116685550814, 227.5258800322499, 282.9883302550825, -30.687892640915535, 262.56646431530413, 264.1637437967855, 170.99457152378548, -56.15209884392462, 226.74287760452586, 240.7017745273893, -54.4591939939875, 165.22525958813145, 244.76625153692146, 259.9361225085105, 268.0858382518979, 198.81341598656155, 198.9729927406209, 230.69500314410786, 248.42541877402851, -76.48908942988488, 162.3344369097683, 278.8264237209388, 243.37887950340138, 143.9352591221032, 153.1165586675384, -81.10758134603094, 246.45704210883298, 119.36348772785873, 273.006720469133, 194.76566306354354, 239.37561555185053, 151.4428448495175, 246.1571604822111, 256.1581410881637, 290.9154562900277, 230.2743693843207, 178.6508752362032, 250.27170582042493], "episode_types": ["t", "t", "t", "t", "t", "t", "t", "t", "t", "t", "t", "t", "t", "t", "t", "t", "t", "t", "t", "t", "t", "t", "t", "t", "t", "t", "t", "t", "t", "t", "t", "t", "t", "t", "t", "t", "t", "t", "t", "t", "t", "t", "t", "t", "t", "t", "t", "t", "t", "t", "t", "t", "t", "t", "t", "t", "t", "t", "t", "t", "t", "t", "t", "t", "t", "t", "t", "t", "t", "t", "t", "t", "t", "t", "t", "t", "t", "t", "t", "t", "t", "t", "t", "t", "t", "t", "t", "t", "t", "t", "t", "t", "t", "t", "t", "t", "t", "t", "t", "t"]}