{"initial_reset_timestamp": 3438.2194626, "timestamps": [3439.7070058], "episode_lengths": [69], "episode_rewards": [-144.64164733758867], "episode_types": ["t"]}