{"initial_reset_timestamp": 3442.1138261, "timestamps": [3445.3591134], "episode_lengths": [167], "episode_rewards": [-814.486835709235], "episode_types": ["t"]}