{"initial_reset_timestamp": 62.6120229, "timestamps": [75.5218511, 82.0549975, 85.1220774, 87.8547385, 91.4754629, 95.1054183, 103.0709928, 105.8546182, 112.5055636, 116.7883001, 121.1387056, 123.9706932, 127.4211313, 130.1213041, 133.2046464, 136.3891223, 139.8043564, 143.1209741, 146.0537203, 149.5052269, 152.0870628, 156.9377123, 160.554137, 164.769957, 168.0701854, 170.8864341, 174.6205681, 182.1024391, 186.1708521, 191.6375194, 196.3522616, 200.2687735, 203.8860209, 208.1523955, 210.7697912, 214.1189702, 221.0861388, 224.1854427, 227.919884, 234.7345349, 239.1351621, 242.7188021, 246.0355839, 248.7176665, 253.5851382, 256.4848106, 259.5007623, 262.3678665, 265.8511391, 269.0507709, 272.050813, 275.6670991, 285.5001145, 294.6164652, 297.4833838, 301.7829863, 304.5497585, 321.2660637, 324.9665534, 327.7329722, 329.9493677, 332.3162727, 335.1823467, 338.1834672, 344.3328839, 348.7658804, 352.0985296, 354.9155884, 359.332041, 362.0656255, 365.2318636, 369.4986593, 373.8323774, 380.5818752, 384.9991534, 389.816709, 393.3160935, 396.365124, 400.3142687, 404.8311604, 409.0304972, 411.7809207, 416.3977971, 419.2976772, 422.9645336, 426.0300501, 429.2487026, 433.1974955, 436.1801548, 438.6811331, 442.4468674, 445.6808812, 449.0467265, 451.8295946, 459.5141127, 463.314123, 466.3956399, 469.59608, 473.6134633, 476.5961677], "episode_lengths": [195, 190, 181, 164, 217, 215, 478, 167, 196, 254, 261, 170, 207, 162, 185, 191, 205, 199, 176, 207, 154, 291, 217, 253, 197, 169, 224, 221, 241, 328, 283, 235, 217, 256, 157, 201, 418, 186, 224, 407, 264, 215, 199, 161, 292, 174, 181, 172, 209, 192, 180, 217, 590, 547, 172, 258, 166, 1000, 220, 166, 133, 142, 172, 180, 179, 263, 200, 169, 265, 164, 185, 256, 260, 405, 264, 289, 210, 183, 237, 271, 252, 165, 277, 174, 220, 184, 193, 237, 179, 150, 226, 194, 202, 167, 461, 228, 185, 189, 241, 179], "episode_rewards": [264.8292537936755, 267.83218303031344, 274.98190803184144, 279.7714198823496, 58.72980726897518, 303.9199629189393, 268.8150589238494, 276.28354311404314, 258.5257785426428, 293.76683083482425, 280.87360151260964, 275.15142223714645, 257.60096329052675, 276.08056679726354, 254.07522015410595, 258.82424536736096, 309.88977769606345, 309.8730798187798, 266.68747428492384, 309.990079116456, -3.927431194721038, 293.33857745424086, 287.4362147105263, 297.6542085479648, 268.62928986236807, 254.83653463188668, 297.7010981597138, 278.99345535250666, 279.1345374417758, 263.0856377552566, 291.0053090573338, 265.59268510737746, 288.82889369495877, 298.05637456906413, 284.7299345288676, 263.4409047004359, 293.17910302719525, 290.3855416821947, 282.4638640027499, 264.99173735979605, 278.46555656131704, 283.53798387957386, 286.524718805122, 43.763388240640836, 293.75381248390715, 280.63107632516244, 279.6697613947829, 262.8966463883862, 272.8112506329328, 271.22077868881985, 266.487020742869, 272.8890771642406, 249.68410351053345, 262.2014779452893, 290.9577967463069, 266.6915044350419, 287.7352188462112, 133.12328238199515, 265.79918679022035, 286.691029651431, 55.99200038047721, -1.7011993393274736, 280.36874044349383, 288.63309385002856, 275.5334321896201, 243.81920690441254, 291.0037481699809, 261.42720167488244, 264.150997246722, 258.0425001391144, 245.98806029628398, 281.29755383321765, 233.2973577263601, 188.70320825989825, 297.3751063190772, 279.7675246036807, 272.8166518666755, 249.6921447001288, 277.43869952937416, 285.99944294907056, 277.92518862007614, 268.32831470668566, 267.06648374504573, 263.2098450479433, 266.2327384976737, 247.94106988468565, 264.91588115568993, 298.59804979941185, 251.32595286408696, -15.837923736514796, 274.05816939273586, 277.225500992817, 304.20628439888156, 253.1904228712364, 270.30422609082194, 310.767292837652, 241.1320889777181, 269.98548198598786, 304.2776013838245, 254.20905914111245], "episode_types": ["t", "t", "t", "t", "t", "t", "t", "t", "t", "t", "t", "t", "t", "t", "t", "t", "t", "t", "t", "t", "t", "t", "t", "t", "t", "t", "t", "t", "t", "t", "t", "t", "t", "t", "t", "t", "t", "t", "t", "t", "t", "t", "t", "t", "t", "t", "t", "t", "t", "t", "t", "t", "t", "t", "t", "t", "t", "t", "t", "t", "t", "t", "t", "t", "t", "t", "t", "t", "t", "t", "t", "t", "t", "t", "t", "t", "t", "t", "t", "t", "t", "t", "t", "t", "t", "t", "t", "t", "t", "t", "t", "t", "t", "t", "t", "t", "t", "t", "t", "t"]}